"Year","IndustrySector","IndividualSetting","IndCode","Outbreaks","Cases"
2021,"Agriculture, Forestry, Fishing, and Hunting",All Settings,,114,991
2021,"Agriculture, Forestry, Fishing, and Hunting",Crop production,0170,80,690
2021,"Agriculture, Forestry, Fishing, and Hunting",Animal production and aquaculture,0180,4,17
2021,"Agriculture, Forestry, Fishing, and Hunting",Forestry except logging,0190,1,7
2021,"Agriculture, Forestry, Fishing, and Hunting",Logging,0270,1,4
2021,"Agriculture, Forestry, Fishing, and Hunting","Fishing, hunting and trapping",0280,2,28
2021,"Agriculture, Forestry, Fishing, and Hunting",Support activities for agriculture and forestry,0290,26,245
2021,"Mining, Quarrying, and Oil and Gas Extraction",All Settings,,16,111
2021,"Mining, Quarrying, and Oil and Gas Extraction",Oil and gas extraction,0370,2,7
2021,"Mining, Quarrying, and Oil and Gas Extraction",Metal ore mining,0390,1,4
2021,"Mining, Quarrying, and Oil and Gas Extraction",Nonmetallic mineral mining and quarrying,0470,7,46
2021,"Mining, Quarrying, and Oil and Gas Extraction",Support activities for mining,0490,6,54
2021,Utilities,All Settings,,140,1093
2021,Utilities,"Electric power generation, transmission and distribution",0570,45,347
2021,Utilities,Natural gas distribution,0580,4,52
2021,Utilities,"Electric and gas, and other combinations",0590,37,367
2021,Utilities,"Water, steam, air-conditioning, and irrigation systems",0670,40,252
2021,Utilities,Sewage treatment facilities,0680,12,66
2021,Utilities,Not specified utilities,0690,2,9
2021,Construction,All Settings,,368,2535
2021,Construction,Construction,0770,368,2535
2021,Manufacturing,All Settings,,856,11229
2021,Manufacturing,"Animal food, grain and oilseed milling",1070,9,65
2021,Manufacturing,Sugar and confectionery products,1080,6,43
2021,Manufacturing,Fruit and vegetable preserving and specialty food manufacturing,1090,26,421
2021,Manufacturing,Dairy product manufacturing,1170,24,322
2021,Manufacturing,Animal slaughtering and processing,1180,34,657
2021,Manufacturing,Retail bakeries,1190,3,115
2021,Manufacturing,"Bakeries and tortilla manufacturing, except retail bakeries",1270,9,116
2021,Manufacturing,"Seafood and other miscellaneous foods, n.e.c.",1280,27,284
2021,Manufacturing,Not specified food industries,1290,12,169
2021,Manufacturing,Beverage manufacturing,1370,39,413
2021,Manufacturing,Textile and fabric finishing and fabric coating mills,1490,5,69
2021,Manufacturing,Carpet and rug mills,1570,2,79
2021,Manufacturing,"Textile product mills, except carpet and rug",1590,2,39
2021,Manufacturing,Cut and sew apparel manufacturing,1680,10,500
2021,Manufacturing,Apparel accessories and other apparel manufacturing,1690,3,85
2021,Manufacturing,Footwear manufacturing,1770,1,4
2021,Manufacturing,Leather tanning and finishing and other allied products manufacturing,1790,3,102
2021,Manufacturing,"Pulp, paper, and paperboard mills",1870,2,56
2021,Manufacturing,Paperboard container manufacturing,1880,22,305
2021,Manufacturing,Miscellaneous paper and pulp products,1890,2,38
2021,Manufacturing,Printing and related support activities,1990,9,123
2021,Manufacturing,Petroleum refining,2070,12,52
2021,Manufacturing,Miscellaneous petroleum and coal products,2090,1,10
2021,Manufacturing,"Resin, synthetic rubber, and fibers and filaments manufacturing",2170,4,21
2021,Manufacturing,Agricultural chemical manufacturing,2180,9,39
2021,Manufacturing,Pharmaceutical and medicine manufacturing,2190,33,607
2021,Manufacturing,"Paint, coating, and adhesive manufacturing",2270,1,3
2021,Manufacturing,"Soap, cleaning compound, and cosmetics manufacturing",2280,13,129
2021,Manufacturing,Industrial and miscellaneous chemicals,2290,10,65
2021,Manufacturing,Plastics product manufacturing,2370,28,359
2021,Manufacturing,Tire manufacturing,2380,1,4
2021,Manufacturing,"Rubber products, except tires, manufacturing",2390,1,4
2021,Manufacturing,Clay building material and refractories manufacturing,2480,2,6
2021,Manufacturing,Glass and glass product manufacturing,2490,7,82
2021,Manufacturing,"Cement, concrete, lime, and gypsum product manufacturing",2570,8,54
2021,Manufacturing,Miscellaneous nonmetallic mineral product manufacturing,2590,1,8
2021,Manufacturing,Iron and steel mills and steel product manufacturing,2670,9,61
2021,Manufacturing,Nonferrous metal (except aluminum) production and processing,2690,1,6
2021,Manufacturing,Foundries,2770,2,13
2021,Manufacturing,Metal forgings and stampings,2780,3,57
2021,Manufacturing,Cutlery and hand tool manufacturing,2790,1,6
2021,Manufacturing,"Structural metals, and boiler, tank, and shipping container manufacturing",2870,15,105
2021,Manufacturing,"Machine shops; turned product; screw, nut, and bolt manufacturing",2880,20,141
2021,Manufacturing,"Coating, engraving, heat treating, and allied activities",2890,12,95
2021,Manufacturing,Miscellaneous fabricated metal products manufacturing,2980,9,169
2021,Manufacturing,Not specified metal industries,2990,2,7
2021,Manufacturing,Agricultural implement manufacturing,3070,5,46
2021,Manufacturing,Commercial and service industry machinery manufacturing,3095,4,37
2021,Manufacturing,Metalworking machinery manufacturing,3170,3,11
2021,Manufacturing,"Engine, turbine, and power transmission equipment manufacturing",3180,5,29
2021,Manufacturing,"Machinery manufacturing, n.e.c.",3190,20,165
2021,Manufacturing,Computer and peripheral equipment manufacturing,3365,10,91
2021,Manufacturing,"Communications, audio, and video equipment manufacturing",3370,12,80
2021,Manufacturing,"Navigational, measuring, electromedical, and control instruments manufacturing",3380,40,808
2021,Manufacturing,"Electronic component and product manufacturing, n.e.c.",3390,49,602
2021,Manufacturing,"Electric lighting and electrical equipment manufacturing, and other electrical component manufacturing, n.e.c.",3490,35,404
2021,Manufacturing,Motor vehicles and motor vehicle equipment manufacturing,3570,16,161
2021,Manufacturing,Aircraft and parts manufacturing,3580,15,136
2021,Manufacturing,Aerospace products and parts manufacturing,3590,17,630
2021,Manufacturing,Ship and boat building,3680,5,181
2021,Manufacturing,Other transportation equipment manufacturing,3690,2,12
2021,Manufacturing,Sawmills and wood preservation,3770,5,39
2021,Manufacturing,"Veneer, plywood, and engineered wood products",3780,4,67
2021,Manufacturing,Miscellaneous wood products,3875,3,9
2021,Manufacturing,Furniture and related product manufacturing,3895,15,167
2021,Manufacturing,Medical equipment and supplies manufacturing,3960,75,817
2021,Manufacturing,"Sporting and athletic goods, and doll, toy and game manufacturing",3970,2,25
2021,Manufacturing,"Miscellaneous manufacturing, n.e.c.",3980,5,23
2021,Manufacturing,Not specified manufacturing industries,3990,54,581
2021,Wholesale Trade,All Settings,,181,1713
2021,Wholesale Trade,Motor vehicle and motor vehicle parts and supplies merchant wholesalers,4070,13,168
2021,Wholesale Trade,Furniture and home furnishing merchant wholesalers,4080,6,159
2021,Wholesale Trade,Lumber and other construction materials merchant wholesalers,4090,12,109
2021,Wholesale Trade,Professional and commercial equipment and supplies merchant wholesalers,4170,7,81
2021,Wholesale Trade,"Metals and minerals, except petroleum, merchant wholesalers",4180,5,42
2021,Wholesale Trade,Household appliances and electrical and electronic goods merchant wholesalers,4195,7,63
2021,Wholesale Trade,"Hardware, plumbing and heating equipment, and supplies merchant wholesalers",4265,15,78
2021,Wholesale Trade,"Machinery, equipment, and supplies merchant wholesalers",4270,15,87
2021,Wholesale Trade,Recyclable material merchant wholesalers,4280,4,51
2021,Wholesale Trade,Miscellaneous durable goods merchant wholesalers,4290,6,32
2021,Wholesale Trade,Paper and paper products merchant wholesalers,4370,4,28
2021,Wholesale Trade,"Drugs, sundries, and chemical and allied products merchant  wholesalers",4380,9,129
2021,Wholesale Trade,"Apparel, piece goods, and notions merchant wholesalers",4390,2,23
2021,Wholesale Trade,Grocery and related product merchant wholesalers,4470,42,438
2021,Wholesale Trade,Farm product raw material merchant wholesalers,4480,1,4
2021,Wholesale Trade,Petroleum and petroleum products merchant wholesalers,4490,1,6
2021,Wholesale Trade,Alcoholic beverages merchant wholesalers,4560,13,109
2021,Wholesale Trade,Farm supplies merchant wholesalers,4570,1,3
2021,Wholesale Trade,Miscellaneous  nondurable goods merchant wholesalers,4580,10,72
2021,Wholesale Trade,Wholesale electronic markets and agents and brokers,4585,3,11
2021,Wholesale Trade,Not specified wholesale trade,4590,5,20
2021,Retail Trade,All Settings,,1366,18455
2021,Retail Trade,Automobile dealers,4670,221,2587
2021,Retail Trade,Other motor vehicle dealers,4680,14,103
2021,Retail Trade,"Automotive parts, accessories, and tire stores",4690,22,110
2021,Retail Trade,Furniture and home furnishings stores,4770,24,365
2021,Retail Trade,Electronics Stores,4795,27,237
2021,Retail Trade,Building material and supplies dealers,4870,148,2118
2021,Retail Trade,Hardware stores,4880,5,20
2021,Retail Trade,Lawn and garden equipment and supplies stores,4890,2,6
2021,Retail Trade,Grocery stores,4970,351,3794
2021,Retail Trade,Specialty food stores,4980,9,41
2021,Retail Trade,"Beer, wine, and liquor stores",4990,2,6
2021,Retail Trade,Pharmacies and drug stores,5070,22,217
2021,Retail Trade,"Health and personal care, except drug, stores",5080,16,118
2021,Retail Trade,Gasoline stations,5090,12,49
2021,Retail Trade,Clothing stores,5170,63,550
2021,Retail Trade,Shoe stores,5180,14,114
2021,Retail Trade,"Jewelry, luggage, and leather goods stores",5190,11,77
2021,Retail Trade,"Sporting goods, and hobby and toy stores",5275,23,189
2021,Retail Trade,"Sewing, needlework, and piece goods stores",5280,2,7
2021,Retail Trade,Musical instrument and supplies stores,5295,4,25
2021,Retail Trade,Book stores and news dealers,5370,2,36
2021,Retail Trade,Department stores and discount stores,5380,201,3045
2021,Retail Trade,Miscellaneous general merchandise stores,5390,71,1764
2021,Retail Trade,Office supplies and stationery stores,5480,4,21
2021,Retail Trade,Used merchandise stores,5490,10,51
2021,Retail Trade,"Gift, novelty, and souvenir shops",5570,1,4
2021,Retail Trade,Miscellaneous retail stores,5580,33,638
2021,Retail Trade,Fuel dealers,5680,2,10
2021,Retail Trade,Other direct selling establishments,5690,2,13
2021,Retail Trade,Not specified retail trade,5790,48,2140
2021,Transportation and Warehousing,All Settings,,559,26057
2021,Transportation and Warehousing,Air transportation,6070,32,1579
2021,Transportation and Warehousing,Rail transportation,6080,4,48
2021,Transportation and Warehousing,Water transportation,6090,1,5
2021,Transportation and Warehousing,Truck transportation,6170,26,424
2021,Transportation and Warehousing,Bus service and urban transit,6180,99,1350
2021,Transportation and Warehousing,Pipeline transportation,6270,1,13
2021,Transportation and Warehousing,Services incidental to transportation,6290,59,802
2021,Transportation and Warehousing,Postal Service,6370,9,42
2021,Transportation and Warehousing,Couriers and messengers,6380,88,1483
2021,Transportation and Warehousing,Warehousing and storage,6390,240,20311
2021,Information,Newspaper publishers,6470,1,20
2021,Information,Software publishers,6490,2,11
2021,Information,All Settings,,108,995
2021,Information,Motion pictures and video industries,6570,46,408
2021,Information,Sound recording industries,6590,1,5
2021,Information,Broadcasting (except internet),6670,19,245
2021,Information,Internet publishing and broadcasting and web search portals,6672,2,26
2021,Information,Wired telecommunications carriers,6680,11,58
2021,Information,"Telecommunications, except wired telecommunications carriers",6690,17,88
2021,Information,"Data processing, hosting, and related services",6695,8,101
2021,Information,"Other information services, except libraries and archives, and internet publishing and broadcasting and web search portals",6780,1,33
2021,Finance and Insurance,All Settings,,173,1335
2021,Finance and Insurance,Banking and related activities,6870,57,414
2021,Finance and Insurance,"Savings institutions, including credit unions",6880,28,190
2021,Finance and Insurance,Nondepository credit and related activities,6890,36,351
2021,Finance and Insurance,"Securities, commodities, funds, trusts, and other financial investments",6970,15,129
2021,Finance and Insurance,Insurance carriers and related activities,6990,37,251
2021,Real Estate and Rental and Leasing,All Settings,,182,1121
2021,Real Estate and Rental and Leasing,Real estate,7070,154,884
2021,Real Estate and Rental and Leasing,Automotive equipment rental and leasing,7080,14,61
2021,Real Estate and Rental and Leasing,Other consumer goods rental,7180,4,48
2021,Real Estate and Rental and Leasing,"Commercial, industrial, and other intangible assets rental and leasing",7190,10,128
2021,"Professional, Scientific, and Technical Services",All Settings,,270,2331
2021,"Professional, Scientific, and Technical Services",Legal services,7270,32,235
2021,"Professional, Scientific, and Technical Services","Accounting, tax preparation, bookkeeping, and payroll services",7280,20,106
2021,"Professional, Scientific, and Technical Services","Architectural, engineering, and related services",7290,23,218
2021,"Professional, Scientific, and Technical Services",Specialized design services,7370,4,13
2021,"Professional, Scientific, and Technical Services",Computer systems design and related services,7380,37,222
2021,"Professional, Scientific, and Technical Services","Management, scientific, and technical consulting services",7390,22,228
2021,"Professional, Scientific, and Technical Services",Scientific research and development services,7460,57,493
2021,"Professional, Scientific, and Technical Services","Advertising, public relations, and related services",7470,5,48
2021,"Professional, Scientific, and Technical Services",Veterinary services,7480,66,721
2021,"Professional, Scientific, and Technical Services","Other professional, scientific, and technical services",7490,4,47
2021,Management of companies and enterprises,All Settings,,30,341
2021,Management of companies and enterprises,Management of companies and enterprises,7570,30,341
2021,Administrative and support and waste management services,All Settings,,154,1666
2021,Administrative and support and waste management services,Employment services,7580,8,47
2021,Administrative and support and waste management services,Business support services,7590,17,143
2021,Administrative and support and waste management services,Travel arrangements and reservation services,7670,2,6
2021,Administrative and support and waste management services,Investigation and security services,7680,18,142
2021,Administrative and support and waste management services,Services to buildings and dwellings (except cleaning during construction and immediately after construction),7690,26,226
2021,Administrative and support and waste management services,Landscaping services,7770,23,111
2021,Administrative and support and waste management services,Other administrative and other support services,7780,12,385
2021,Administrative and support and waste management services,Waste management and remediation services,7790,48,606
2021,Educational Services,All Settings,,3174,30884
2021,Educational Services,Elementary and secondary schools,7860,2886,26500
2021,Educational Services,"Colleges, universities, and professional schools, including junior colleges",7870,250,4034
2021,Educational Services,"Business, technical, and trade schools and training",7880,5,19
2021,Educational Services,"Other schools and instruction, and educational support services",7890,33,331
2021,Health Care and Social Assistance,All Settings,,6703,92508
2021,Health Care and Social Assistance,Offices of physicians,7970,51,329
2021,Health Care and Social Assistance,Offices of dentists,7980,12,56
2021,Health Care and Social Assistance,Offices of chiropractors,7990,1,16
2021,Health Care and Social Assistance,Offices of optometrists,8070,2,7
2021,Health Care and Social Assistance,Offices of other health practitioners,8080,10,145
2021,Health Care and Social Assistance,Outpatient care centers,8090,152,1266
2021,Health Care and Social Assistance,Home health care services,8170,30,127
2021,Health Care and Social Assistance,Other health care services,8180,41,422
2021,Health Care and Social Assistance,Hospitals,8190,380,5755
2021,Health Care and Social Assistance,Nursing care facilities (skilled nursing facilities),8270,1647,40655
2021,Health Care and Social Assistance,"Residential care facilities, except skilled nursing facilities",8290,2837,28016
2021,Health Care and Social Assistance,Individual and family services,8370,226,3044
2021,Health Care and Social Assistance,"Community services, including homeless shelters",8380,761,9497
2021,Health Care and Social Assistance,Vocational rehabilitation services,8390,21,104
2021,Health Care and Social Assistance,Child day care services,8470,532,3069
2021,"Arts, Entertainment, and Recreation",All Settings,,208,2914
2021,"Arts, Entertainment, and Recreation","Performing arts, spectator sports, and related industries",8560,34,492
2021,"Arts, Entertainment, and Recreation","Museums, art galleries, historical sites, and similar institutions",8570,14,300
2021,"Arts, Entertainment, and Recreation",Bowling centers,8580,4,32
2021,"Arts, Entertainment, and Recreation","Other amusement, gambling, and recreation industries",8590,156,2090
2021,Accommodation and Food Services,All Settings,,1146,10922
2021,Accommodation and Food Services,Traveler accommodation,8660,149,2442
2021,Accommodation and Food Services,"Recreational vehicle parks and camps, and rooming and boarding houses",8670,25,282
2021,Accommodation and Food Services,Restaurants and other food services,8680,957,8088
2021,Accommodation and Food Services,"Drinking places, alcoholic beverages",8690,15,110
2021,"Other Services, Except Public Administration",All Settings,,272,2271
2021,"Other Services, Except Public Administration",Automotive repair and maintenance,8770,40,336
2021,"Other Services, Except Public Administration",Car washes,8780,5,21
2021,"Other Services, Except Public Administration",Electronic and precision equipment repair and maintenance,8790,3,36
2021,"Other Services, Except Public Administration",Commercial and industrial machinery and equipment repair and maintenance,8870,10,77
2021,"Other Services, Except Public Administration",Personal and household goods repair and maintenance,8880,2,9
2021,"Other Services, Except Public Administration",Beauty salons,8980,18,160
2021,"Other Services, Except Public Administration",Nail salons and other personal care services,8990,3,39
2021,"Other Services, Except Public Administration",Drycleaning and laundry services,9070,9,98
2021,"Other Services, Except Public Administration","Funeral homes, and cemeteries and crematories",9080,5,35
2021,"Other Services, Except Public Administration",Other personal services,9090,18,140
2021,"Other Services, Except Public Administration",Religious organizations,9160,118,1050
2021,"Other Services, Except Public Administration","Civic, social, advocacy organizations, and grantmaking and giving services",9170,8,57
2021,"Other Services, Except Public Administration","Business, professional, political, and similar organizations",9190,4,24
2021,"Other Services, Except Public Administration",Private households,9290,29,189
2021,Public Administration,All Settings,,1196,38238
2021,Public Administration,Executive offices and legislative bodies,9370,36,495
2021,Public Administration,Public finance activities,9380,10,54
2021,Public Administration,Other general government and support,9390,70,707
2021,Public Administration,"Public safety, including police, fire, and correctional institutions",9470,913,35191
2021,Public Administration,Administration of human resource programs,9480,88,871
2021,Public Administration,Administration of environmental quality and housing programs,9490,18,183
2021,Public Administration,Administration of economic programs and space research,9570,49,486
2021,Public Administration,National security and international affairs,9590,12,251
2021,Military,All Settings,,3,524
2021,Military,U. S. Coast Guard,9780,1,13
2021,Military,"Armed Forces, Branch not specified",9790,2,511
2021,Not applicable,All Settings,,20,463
2021,Not applicable,Insufficient information,9990,20,463
2022,"Agriculture, Forestry, Fishing, and Hunting",All Settings,,64,707
2022,"Agriculture, Forestry, Fishing, and Hunting",Crop production,0170,37,386
2022,"Agriculture, Forestry, Fishing, and Hunting",Animal production and aquaculture,0180,1,8
2022,"Agriculture, Forestry, Fishing, and Hunting",Support activities for agriculture and forestry,0290,26,313
2022,"Mining, Quarrying, and Oil and Gas Extraction",All Settings,,1,3
2022,"Mining, Quarrying, and Oil and Gas Extraction",Oil and gas extraction,0370,1,3
2022,Utilities,All Settings,,126,853
2022,Utilities,"Electric power generation, transmission and distribution",0570,45,302
2022,Utilities,Natural gas distribution,0580,9,67
2022,Utilities,"Electric and gas, and other combinations",0590,27,199
2022,Utilities,"Water, steam, air-conditioning, and irrigation systems",0670,27,173
2022,Utilities,Sewage treatment facilities,0680,17,108
2022,Utilities,Not specified utilities,0690,1,4
2022,Construction,All Settings,,163,1048
2022,Construction,Construction,0770,163,1048
2022,Manufacturing,All Settings,,883,12280
2022,Manufacturing,"Animal food, grain and oilseed milling",1070,11,68
2022,Manufacturing,Sugar and confectionery products,1080,4,150
2022,Manufacturing,Fruit and vegetable preserving and specialty food manufacturing,1090,40,433
2022,Manufacturing,Dairy product manufacturing,1170,21,410
2022,Manufacturing,Animal slaughtering and processing,1180,72,1214
2022,Manufacturing,Retail bakeries,1190,1,7
2022,Manufacturing,"Bakeries and tortilla manufacturing, except retail bakeries",1270,11,89
2022,Manufacturing,"Seafood and other miscellaneous foods, n.e.c.",1280,42,877
2022,Manufacturing,Not specified food industries,1290,9,71
2022,Manufacturing,Beverage manufacturing,1370,49,333
2022,Manufacturing,Carpet and rug mills,1570,1,6
2022,Manufacturing,"Textile product mills, except carpet and rug",1590,2,68
2022,Manufacturing,"Knitting fabric mills, and apparel knitting mills",1670,1,6
2022,Manufacturing,Cut and sew apparel manufacturing,1680,7,147
2022,Manufacturing,Footwear manufacturing,1770,1,8
2022,Manufacturing,Leather tanning and finishing and other allied products manufacturing,1790,1,4
2022,Manufacturing,Paperboard container manufacturing,1880,19,237
2022,Manufacturing,Miscellaneous paper and pulp products,1890,4,94
2022,Manufacturing,Printing and related support activities,1990,13,204
2022,Manufacturing,Petroleum refining,2070,32,181
2022,Manufacturing,Miscellaneous petroleum and coal products,2090,2,22
2022,Manufacturing,Agricultural chemical manufacturing,2180,10,53
2022,Manufacturing,Pharmaceutical and medicine manufacturing,2190,41,391
2022,Manufacturing,"Paint, coating, and adhesive manufacturing",2270,4,59
2022,Manufacturing,"Soap, cleaning compound, and cosmetics manufacturing",2280,6,198
2022,Manufacturing,Industrial and miscellaneous chemicals,2290,4,23
2022,Manufacturing,Plastics product manufacturing,2370,21,324
2022,Manufacturing,Glass and glass product manufacturing,2490,3,264
2022,Manufacturing,"Cement, concrete, lime, and gypsum product manufacturing",2570,13,114
2022,Manufacturing,Miscellaneous nonmetallic mineral product manufacturing,2590,1,11
2022,Manufacturing,Iron and steel mills and steel product manufacturing,2670,16,246
2022,Manufacturing,Nonferrous metal (except aluminum) production and processing,2690,1,19
2022,Manufacturing,Foundries,2770,2,45
2022,Manufacturing,Metal forgings and stampings,2780,1,15
2022,Manufacturing,Cutlery and hand tool manufacturing,2790,2,39
2022,Manufacturing,"Structural metals, and boiler, tank, and shipping container manufacturing",2870,15,161
2022,Manufacturing,"Machine shops; turned product; screw, nut, and bolt manufacturing",2880,18,292
2022,Manufacturing,"Coating, engraving, heat treating, and allied activities",2890,3,26
2022,Manufacturing,Ordnance,2970,2,10
2022,Manufacturing,Miscellaneous fabricated metal products manufacturing,2980,8,105
2022,Manufacturing,Agricultural implement manufacturing,3070,2,25
2022,Manufacturing,"Construction, and mining and oil and gas field machinery manufacturing",3080,1,3
2022,Manufacturing,Commercial and service industry machinery manufacturing,3095,3,19
2022,Manufacturing,Metalworking machinery manufacturing,3170,5,112
2022,Manufacturing,"Engine, turbine, and power transmission equipment manufacturing",3180,2,16
2022,Manufacturing,"Machinery manufacturing, n.e.c.",3190,23,332
2022,Manufacturing,Not specified machinery manufacturing,3290,1,5
2022,Manufacturing,Computer and peripheral equipment manufacturing,3365,13,268
2022,Manufacturing,"Communications, audio, and video equipment manufacturing",3370,9,121
2022,Manufacturing,"Navigational, measuring, electromedical, and control instruments manufacturing",3380,42,613
2022,Manufacturing,"Electronic component and product manufacturing, n.e.c.",3390,41,646
2022,Manufacturing,Household appliance manufacturing,3470,1,29
2022,Manufacturing,"Electric lighting and electrical equipment manufacturing, and other electrical component manufacturing, n.e.c.",3490,30,316
2022,Manufacturing,Motor vehicles and motor vehicle equipment manufacturing,3570,21,516
2022,Manufacturing,Aircraft and parts manufacturing,3580,49,815
2022,Manufacturing,Aerospace products and parts manufacturing,3590,13,213
2022,Manufacturing,Ship and boat building,3680,4,37
2022,Manufacturing,Other transportation equipment manufacturing,3690,1,16
2022,Manufacturing,"Veneer, plywood, and engineered wood products",3780,1,14
2022,Manufacturing,Miscellaneous wood products,3875,5,20
2022,Manufacturing,Furniture and related product manufacturing,3895,6,80
2022,Manufacturing,Medical equipment and supplies manufacturing,3960,49,571
2022,Manufacturing,"Sporting and athletic goods, and doll, toy and game manufacturing",3970,4,75
2022,Manufacturing,Not specified manufacturing industries,3990,43,394
2022,Wholesale Trade,All Settings,,149,1669
2022,Wholesale Trade,Motor vehicle and motor vehicle parts and supplies merchant wholesalers,4070,13,122
2022,Wholesale Trade,Furniture and home furnishing merchant wholesalers,4080,14,310
2022,Wholesale Trade,Lumber and other construction materials merchant wholesalers,4090,2,14
2022,Wholesale Trade,Professional and commercial equipment and supplies merchant wholesalers,4170,4,33
2022,Wholesale Trade,"Metals and minerals, except petroleum, merchant wholesalers",4180,3,26
2022,Wholesale Trade,Household appliances and electrical and electronic goods merchant wholesalers,4195,13,98
2022,Wholesale Trade,"Hardware, plumbing and heating equipment, and supplies merchant wholesalers",4265,12,145
2022,Wholesale Trade,"Machinery, equipment, and supplies merchant wholesalers",4270,22,227
2022,Wholesale Trade,Recyclable material merchant wholesalers,4280,1,3
2022,Wholesale Trade,Miscellaneous durable goods merchant wholesalers,4290,5,26
2022,Wholesale Trade,Paper and paper products merchant wholesalers,4370,4,30
2022,Wholesale Trade,"Drugs, sundries, and chemical and allied products merchant  wholesalers",4380,3,79
2022,Wholesale Trade,"Apparel, piece goods, and notions merchant wholesalers",4390,2,11
2022,Wholesale Trade,Grocery and related product merchant wholesalers,4470,21,324
2022,Wholesale Trade,Farm product raw material merchant wholesalers,4480,1,3
2022,Wholesale Trade,Petroleum and petroleum products merchant wholesalers,4490,3,18
2022,Wholesale Trade,Alcoholic beverages merchant wholesalers,4560,14,126
2022,Wholesale Trade,Farm supplies merchant wholesalers,4570,2,8
2022,Wholesale Trade,Miscellaneous  nondurable goods merchant wholesalers,4580,6,42
2022,Wholesale Trade,Wholesale electronic markets and agents and brokers,4585,1,4
2022,Wholesale Trade,Not specified wholesale trade,4590,3,20
2022,Retail Trade,All Settings,,1621,18949
2022,Retail Trade,Automobile dealers,4670,123,1214
2022,Retail Trade,Other motor vehicle dealers,4680,5,28
2022,Retail Trade,"Automotive parts, accessories, and tire stores",4690,31,157
2022,Retail Trade,Furniture and home furnishings stores,4770,28,241
2022,Retail Trade,Household appliance stores,4780,1,6
2022,Retail Trade,Electronics Stores,4795,72,1442
2022,Retail Trade,Building material and supplies dealers,4870,293,5447
2022,Retail Trade,Hardware stores,4880,16,79
2022,Retail Trade,Lawn and garden equipment and supplies stores,4890,6,24
2022,Retail Trade,Grocery stores,4970,450,4050
2022,Retail Trade,Specialty food stores,4980,4,24
2022,Retail Trade,"Beer, wine, and liquor stores",4990,4,22
2022,Retail Trade,Pharmacies and drug stores,5070,125,605
2022,Retail Trade,"Health and personal care, except drug, stores",5080,10,39
2022,Retail Trade,Gasoline stations,5090,11,37
2022,Retail Trade,Clothing stores,5170,67,522
2022,Retail Trade,Shoe stores,5180,13,92
2022,Retail Trade,"Jewelry, luggage, and leather goods stores",5190,10,82
2022,Retail Trade,"Sporting goods, and hobby and toy stores",5275,49,383
2022,Retail Trade,Book stores and news dealers,5370,7,46
2022,Retail Trade,Department stores and discount stores,5380,154,1213
2022,Retail Trade,Miscellaneous general merchandise stores,5390,47,454
2022,Retail Trade,Office supplies and stationery stores,5480,2,10
2022,Retail Trade,Used merchandise stores,5490,13,75
2022,Retail Trade,"Gift, novelty, and souvenir shops",5570,2,15
2022,Retail Trade,Miscellaneous retail stores,5580,27,146
2022,Retail Trade,Electronic shopping,5590,3,1354
2022,Retail Trade,Other direct selling establishments,5690,6,28
2022,Retail Trade,Not specified retail trade,5790,42,1114
2022,Transportation and Warehousing,All Settings,,523,24081
2022,Transportation and Warehousing,Air transportation,6070,16,530
2022,Transportation and Warehousing,Rail transportation,6080,1,12
2022,Transportation and Warehousing,Water transportation,6090,2,6
2022,Transportation and Warehousing,Truck transportation,6170,12,124
2022,Transportation and Warehousing,Bus service and urban transit,6180,76,1006
2022,Transportation and Warehousing,Taxi and limousine service,6190,1,14
2022,Transportation and Warehousing,Pipeline transportation,6270,1,3
2022,Transportation and Warehousing,Scenic and sightseeing transportation,6280,2,7
2022,Transportation and Warehousing,Services incidental to transportation,6290,43,449
2022,Transportation and Warehousing,Postal Service,6370,3,28
2022,Transportation and Warehousing,Couriers and messengers,6380,40,728
2022,Transportation and Warehousing,Warehousing and storage,6390,326,21174
2022,Information,Newspaper publishers,6470,1,7
2022,Information,Software publishers,6490,15,140
2022,Information,All Settings,,182,2139
2022,Information,Motion pictures and video industries,6570,72,909
2022,Information,Sound recording industries,6590,3,20
2022,Information,Broadcasting (except internet),6670,13,96
2022,Information,Internet publishing and broadcasting and web search portals,6672,4,24
2022,Information,Wired telecommunications carriers,6680,27,502
2022,Information,"Telecommunications, except wired telecommunications carriers",6690,22,172
2022,Information,"Data processing, hosting, and related services",6695,12,211
2022,Information,Libraries and archives,6770,13,58
2022,Finance and Insurance,All Settings,,286,2205
2022,Finance and Insurance,Banking and related activities,6870,129,876
2022,Finance and Insurance,"Savings institutions, including credit unions",6880,60,476
2022,Finance and Insurance,Nondepository credit and related activities,6890,20,280
2022,Finance and Insurance,"Securities, commodities, funds, trusts, and other financial investments",6970,31,271
2022,Finance and Insurance,Insurance carriers and related activities,6990,46,302
2022,Real Estate and Rental and Leasing,All Settings,,81,618
2022,Real Estate and Rental and Leasing,Real estate,7070,62,516
2022,Real Estate and Rental and Leasing,Automotive equipment rental and leasing,7080,12,62
2022,Real Estate and Rental and Leasing,Other consumer goods rental,7180,2,14
2022,Real Estate and Rental and Leasing,"Commercial, industrial, and other intangible assets rental and leasing",7190,5,26
2022,"Professional, Scientific, and Technical Services",All Settings,,347,3091
2022,"Professional, Scientific, and Technical Services",Legal services,7270,31,171
2022,"Professional, Scientific, and Technical Services","Accounting, tax preparation, bookkeeping, and payroll services",7280,12,116
2022,"Professional, Scientific, and Technical Services","Architectural, engineering, and related services",7290,51,375
2022,"Professional, Scientific, and Technical Services",Specialized design services,7370,3,19
2022,"Professional, Scientific, and Technical Services",Computer systems design and related services,7380,65,654
2022,"Professional, Scientific, and Technical Services","Management, scientific, and technical consulting services",7390,12,183
2022,"Professional, Scientific, and Technical Services",Scientific research and development services,7460,105,995
2022,"Professional, Scientific, and Technical Services","Advertising, public relations, and related services",7470,5,37
2022,"Professional, Scientific, and Technical Services",Veterinary services,7480,59,492
2022,"Professional, Scientific, and Technical Services","Other professional, scientific, and technical services",7490,4,49
2022,Management of companies and enterprises,All Settings,,52,478
2022,Management of companies and enterprises,Management of companies and enterprises,7570,52,478
2022,Administrative and support and waste management services,All Settings,,132,1068
2022,Administrative and support and waste management services,Employment services,7580,17,91
2022,Administrative and support and waste management services,Business support services,7590,15,249
2022,Administrative and support and waste management services,Travel arrangements and reservation services,7670,4,13
2022,Administrative and support and waste management services,Investigation and security services,7680,10,43
2022,Administrative and support and waste management services,Services to buildings and dwellings (except cleaning during construction and immediately after construction),7690,11,57
2022,Administrative and support and waste management services,Landscaping services,7770,2,48
2022,Administrative and support and waste management services,Other administrative and other support services,7780,42,374
2022,Administrative and support and waste management services,Waste management and remediation services,7790,31,193
2022,Educational Services,All Settings,,8135,77104
2022,Educational Services,Elementary and secondary schools,7860,7708,73284
2022,Educational Services,"Colleges, universities, and professional schools, including junior colleges",7870,380,3546
2022,Educational Services,"Business, technical, and trade schools and training",7880,4,17
2022,Educational Services,"Other schools and instruction, and educational support services",7890,43,257
2022,Health Care and Social Assistance,All Settings,,11315,162816
2022,Health Care and Social Assistance,Offices of physicians,7970,43,214
2022,Health Care and Social Assistance,Offices of dentists,7980,12,66
2022,Health Care and Social Assistance,Offices of optometrists,8070,2,7
2022,Health Care and Social Assistance,Offices of other health practitioners,8080,5,41
2022,Health Care and Social Assistance,Outpatient care centers,8090,176,1807
2022,Health Care and Social Assistance,Home health care services,8170,16,70
2022,Health Care and Social Assistance,Other health care services,8180,38,305
2022,Health Care and Social Assistance,Hospitals,8190,470,6038
2022,Health Care and Social Assistance,Nursing care facilities (skilled nursing facilities),8270,3010,83878
2022,Health Care and Social Assistance,"Residential care facilities, except skilled nursing facilities",8290,4775,51119
2022,Health Care and Social Assistance,Individual and family services,8370,438,3312
2022,Health Care and Social Assistance,"Community services, including homeless shelters",8380,776,7555
2022,Health Care and Social Assistance,Vocational rehabilitation services,8390,31,186
2022,Health Care and Social Assistance,Child day care services,8470,1523,8218
2022,"Arts, Entertainment, and Recreation",All Settings,,148,1366
2022,"Arts, Entertainment, and Recreation","Performing arts, spectator sports, and related industries",8560,26,241
2022,"Arts, Entertainment, and Recreation","Museums, art galleries, historical sites, and similar institutions",8570,33,191
2022,"Arts, Entertainment, and Recreation","Other amusement, gambling, and recreation industries",8590,89,934
2022,Accommodation and Food Services,All Settings,,638,4738
2022,Accommodation and Food Services,Traveler accommodation,8660,108,1243
2022,Accommodation and Food Services,"Recreational vehicle parks and camps, and rooming and boarding houses",8670,31,437
2022,Accommodation and Food Services,Restaurants and other food services,8680,496,3046
2022,Accommodation and Food Services,"Drinking places, alcoholic beverages",8690,3,12
2022,"Other Services, Except Public Administration",All Settings,,138,1187
2022,"Other Services, Except Public Administration",Automotive repair and maintenance,8770,27,231
2022,"Other Services, Except Public Administration",Car washes,8780,3,13
2022,"Other Services, Except Public Administration",Electronic and precision equipment repair and maintenance,8790,9,129
2022,"Other Services, Except Public Administration",Commercial and industrial machinery and equipment repair and maintenance,8870,5,39
2022,"Other Services, Except Public Administration",Personal and household goods repair and maintenance,8880,1,7
2022,"Other Services, Except Public Administration",Beauty salons,8980,7,26
2022,"Other Services, Except Public Administration",Nail salons and other personal care services,8990,2,11
2022,"Other Services, Except Public Administration",Drycleaning and laundry services,9070,2,31
2022,"Other Services, Except Public Administration","Funeral homes, and cemeteries and crematories",9080,10,105
2022,"Other Services, Except Public Administration",Other personal services,9090,18,143
2022,"Other Services, Except Public Administration",Religious organizations,9160,22,225
2022,"Other Services, Except Public Administration","Civic, social, advocacy organizations, and grantmaking and giving services",9170,22,175
2022,"Other Services, Except Public Administration",Labor unions,9180,1,7
2022,"Other Services, Except Public Administration","Business, professional, political, and similar organizations",9190,7,42
2022,"Other Services, Except Public Administration",Private households,9290,2,3
2022,Public Administration,All Settings,,1325,26692
2022,Public Administration,Executive offices and legislative bodies,9370,34,205
2022,Public Administration,Public finance activities,9380,15,112
2022,Public Administration,Other general government and support,9390,158,1243
2022,Public Administration,"Public safety, including police, fire, and correctional institutions",9470,767,22585
2022,Public Administration,Administration of human resource programs,9480,236,1861
2022,Public Administration,Administration of environmental quality and housing programs,9490,30,222
2022,Public Administration,Administration of economic programs and space research,9570,84,460
2022,Public Administration,National security and international affairs,9590,1,4
2022,Military,U. S. Army,9670,1,5
2022,Military,All Settings,,2,162
2022,Military,U. S. Coast Guard,9780,1,157
2022,Not applicable,All Settings,,12,49
2022,Not applicable,Insufficient information,9990,12,49
2023,,All Settings,,1,14
2023,"Agriculture, Forestry, Fishing, and Hunting",All Settings,,2,49
2023,"Agriculture, Forestry, Fishing, and Hunting",Crop production,0170,1,31
2023,"Agriculture, Forestry, Fishing, and Hunting",Support activities for agriculture and forestry,0290,1,18
2023,Utilities,All Settings,,14,50
2023,Utilities,"Electric power generation, transmission and distribution",0570,7,24
2023,Utilities,Natural gas distribution,0580,1,5
2023,Utilities,"Water, steam, air-conditioning, and irrigation systems",0670,2,6
2023,Utilities,Sewage treatment facilities,0680,4,15
2023,Construction,All Settings,,9,49
2023,Construction,Construction,0770,9,49
2023,Manufacturing,All Settings,,127,969
2023,Manufacturing,Fruit and vegetable preserving and specialty food manufacturing,1090,3,15
2023,Manufacturing,Dairy product manufacturing,1170,6,29
2023,Manufacturing,Animal slaughtering and processing,1180,3,20
2023,Manufacturing,"Bakeries and tortilla manufacturing, except retail bakeries",1270,1,12
2023,Manufacturing,"Seafood and other miscellaneous foods, n.e.c.",1280,3,15
2023,Manufacturing,Not specified food industries,1290,3,10
2023,Manufacturing,Beverage manufacturing,1370,4,20
2023,Manufacturing,Cut and sew apparel manufacturing,1680,2,18
2023,Manufacturing,Paperboard container manufacturing,1880,1,6
2023,Manufacturing,Printing and related support activities,1990,1,7
2023,Manufacturing,Petroleum refining,2070,5,19
2023,Manufacturing,Pharmaceutical and medicine manufacturing,2190,7,45
2023,Manufacturing,"Soap, cleaning compound, and cosmetics manufacturing",2280,4,28
2023,Manufacturing,Industrial and miscellaneous chemicals,2290,1,8
2023,Manufacturing,Plastics product manufacturing,2370,3,31
2023,Manufacturing,Aluminum production and processing,2680,1,11
2023,Manufacturing,Foundries,2770,1,11
2023,Manufacturing,Cutlery and hand tool manufacturing,2790,2,26
2023,Manufacturing,"Structural metals, and boiler, tank, and shipping container manufacturing",2870,3,30
2023,Manufacturing,"Machine shops; turned product; screw, nut, and bolt manufacturing",2880,1,5
2023,Manufacturing,"Coating, engraving, heat treating, and allied activities",2890,3,52
2023,Manufacturing,Ordnance,2970,1,3
2023,Manufacturing,Miscellaneous fabricated metal products manufacturing,2980,2,23
2023,Manufacturing,Commercial and service industry machinery manufacturing,3095,2,24
2023,Manufacturing,Metalworking machinery manufacturing,3170,1,20
2023,Manufacturing,"Machinery manufacturing, n.e.c.",3190,3,26
2023,Manufacturing,Computer and peripheral equipment manufacturing,3365,6,51
2023,Manufacturing,"Communications, audio, and video equipment manufacturing",3370,1,8
2023,Manufacturing,"Navigational, measuring, electromedical, and control instruments manufacturing",3380,9,64
2023,Manufacturing,"Electronic component and product manufacturing, n.e.c.",3390,5,32
2023,Manufacturing,Household appliance manufacturing,3470,2,8
2023,Manufacturing,"Electric lighting and electrical equipment manufacturing, and other electrical component manufacturing, n.e.c.",3490,3,16
2023,Manufacturing,Motor vehicles and motor vehicle equipment manufacturing,3570,3,16
2023,Manufacturing,Aircraft and parts manufacturing,3580,11,120
2023,Manufacturing,Aerospace products and parts manufacturing,3590,4,31
2023,Manufacturing,Furniture and related product manufacturing,3895,4,36
2023,Manufacturing,Medical equipment and supplies manufacturing,3960,7,27
2023,Manufacturing,Not specified manufacturing industries,3990,5,46
2023,Wholesale Trade,All Settings,,19,119
2023,Wholesale Trade,Furniture and home furnishing merchant wholesalers,4080,1,5
2023,Wholesale Trade,Professional and commercial equipment and supplies merchant wholesalers,4170,1,4
2023,Wholesale Trade,"Metals and minerals, except petroleum, merchant wholesalers",4180,1,5
2023,Wholesale Trade,Household appliances and electrical and electronic goods merchant wholesalers,4195,1,8
2023,Wholesale Trade,"Hardware, plumbing and heating equipment, and supplies merchant wholesalers",4265,2,8
2023,Wholesale Trade,"Machinery, equipment, and supplies merchant wholesalers",4270,2,7
2023,Wholesale Trade,Recyclable material merchant wholesalers,4280,3,25
2023,Wholesale Trade,Miscellaneous durable goods merchant wholesalers,4290,2,8
2023,Wholesale Trade,"Drugs, sundries, and chemical and allied products merchant  wholesalers",4380,1,9
2023,Wholesale Trade,"Apparel, piece goods, and notions merchant wholesalers",4390,1,3
2023,Wholesale Trade,Grocery and related product merchant wholesalers,4470,3,34
2023,Wholesale Trade,Alcoholic beverages merchant wholesalers,4560,1,3
2023,Retail Trade,All Settings,,89,472
2023,Retail Trade,Automobile dealers,4670,12,59
2023,Retail Trade,"Automotive parts, accessories, and tire stores",4690,1,3
2023,Retail Trade,Furniture and home furnishings stores,4770,5,29
2023,Retail Trade,Electronics Stores,4795,18,127
2023,Retail Trade,Building material and supplies dealers,4870,4,30
2023,Retail Trade,Lawn and garden equipment and supplies stores,4890,1,4
2023,Retail Trade,Grocery stores,4970,22,88
2023,Retail Trade,"Beer, wine, and liquor stores",4990,1,6
2023,Retail Trade,Pharmacies and drug stores,5070,5,20
2023,Retail Trade,Clothing stores,5170,9,43
2023,Retail Trade,"Jewelry, luggage, and leather goods stores",5190,2,6
2023,Retail Trade,"Sporting goods, and hobby and toy stores",5275,1,4
2023,Retail Trade,Department stores and discount stores,5380,3,12
2023,Retail Trade,Miscellaneous general merchandise stores,5390,1,3
2023,Retail Trade,Used merchandise stores,5490,1,3
2023,Retail Trade,"Gift, novelty, and souvenir shops",5570,1,6
2023,Retail Trade,Miscellaneous retail stores,5580,1,25
2023,,,5593,1,14
2023,Retail Trade,Not specified retail trade,5790,1,4
2023,Transportation and Warehousing,All Settings,,25,193
2023,Transportation and Warehousing,Air transportation,6070,1,7
2023,Transportation and Warehousing,Truck transportation,6170,1,12
2023,Transportation and Warehousing,Bus service and urban transit,6180,5,22
2023,Transportation and Warehousing,Scenic and sightseeing transportation,6280,1,5
2023,Transportation and Warehousing,Services incidental to transportation,6290,4,20
2023,Transportation and Warehousing,Couriers and messengers,6380,3,18
2023,Transportation and Warehousing,Warehousing and storage,6390,10,109
2023,Information,Newspaper publishers,6470,1,9
2023,Information,Software publishers,6490,2,8
2023,Information,All Settings,,52,321
2023,Information,Motion pictures and video industries,6570,29,212
2023,Information,Sound recording industries,6590,2,10
2023,Information,Broadcasting (except internet),6670,7,40
2023,Information,Wired telecommunications carriers,6680,3,9
2023,Information,"Data processing, hosting, and related services",6695,1,5
2023,Information,Libraries and archives,6770,6,25
2023,Information,"Other information services, except libraries and archives, and internet publishing and broadcasting and web search portals",6780,1,3
2023,Finance and Insurance,All Settings,,22,109
2023,Finance and Insurance,Banking and related activities,6870,13,45
2023,Finance and Insurance,"Savings institutions, including credit unions",6880,3,27
2023,Finance and Insurance,Nondepository credit and related activities,6890,1,15
2023,Finance and Insurance,"Securities, commodities, funds, trusts, and other financial investments",6970,1,3
2023,Finance and Insurance,Insurance carriers and related activities,6990,4,19
2023,Real Estate and Rental and Leasing,All Settings,,17,142
2023,Real Estate and Rental and Leasing,Real estate,7070,13,90
2023,Real Estate and Rental and Leasing,Automotive equipment rental and leasing,7080,3,43
2023,Real Estate and Rental and Leasing,"Commercial, industrial, and other intangible assets rental and leasing",7190,1,9
2023,"Professional, Scientific, and Technical Services",All Settings,,43,266
2023,"Professional, Scientific, and Technical Services",Legal services,7270,6,56
2023,"Professional, Scientific, and Technical Services","Architectural, engineering, and related services",7290,3,23
2023,"Professional, Scientific, and Technical Services",Computer systems design and related services,7380,5,49
2023,"Professional, Scientific, and Technical Services","Management, scientific, and technical consulting services",7390,2,8
2023,"Professional, Scientific, and Technical Services",Scientific research and development services,7460,13,62
2023,"Professional, Scientific, and Technical Services","Advertising, public relations, and related services",7470,2,7
2023,"Professional, Scientific, and Technical Services",Veterinary services,7480,12,61
2023,Management of companies and enterprises,All Settings,,9,67
2023,Management of companies and enterprises,Management of companies and enterprises,7570,9,67
2023,Administrative and support and waste management services,All Settings,,26,199
2023,Administrative and support and waste management services,Employment services,7580,2,12
2023,Administrative and support and waste management services,Business support services,7590,3,16
2023,Administrative and support and waste management services,Travel arrangements and reservation services,7670,1,3
2023,Administrative and support and waste management services,Services to buildings and dwellings (except cleaning during construction and immediately after construction),7690,1,3
2023,Administrative and support and waste management services,Landscaping services,7770,1,5
2023,Administrative and support and waste management services,Other administrative and other support services,7780,13,132
2023,Administrative and support and waste management services,Waste management and remediation services,7790,5,28
2023,Educational Services,All Settings,,2479,13837
2023,Educational Services,Elementary and secondary schools,7860,2318,12630
2023,Educational Services,"Colleges, universities, and professional schools, including junior colleges",7870,146,1116
2023,Educational Services,"Other schools and instruction, and educational support services",7890,15,91
2023,Health Care and Social Assistance,All Settings,,5450,72506
2023,Health Care and Social Assistance,Offices of physicians,7970,10,46
2023,Health Care and Social Assistance,Offices of dentists,7980,1,3
2023,Health Care and Social Assistance,Offices of optometrists,8070,1,4
2023,Health Care and Social Assistance,Offices of other health practitioners,8080,4,18
2023,Health Care and Social Assistance,Outpatient care centers,8090,95,614
2023,Health Care and Social Assistance,Home health care services,8170,3,14
2023,Health Care and Social Assistance,Other health care services,8180,5,24
2023,Health Care and Social Assistance,Hospitals,8190,268,3049
2023,Health Care and Social Assistance,Nursing care facilities (skilled nursing facilities),8270,2520,43450
2023,Health Care and Social Assistance,"Residential care facilities, except skilled nursing facilities",8290,1843,20075
2023,Health Care and Social Assistance,Individual and family services,8370,190,1467
2023,Health Care and Social Assistance,"Community services, including homeless shelters",8380,200,2087
2023,Health Care and Social Assistance,Vocational rehabilitation services,8390,13,65
2023,Health Care and Social Assistance,Child day care services,8470,297,1590
2023,"Arts, Entertainment, and Recreation",All Settings,,27,141
2023,"Arts, Entertainment, and Recreation","Performing arts, spectator sports, and related industries",8560,10,72
2023,"Arts, Entertainment, and Recreation","Museums, art galleries, historical sites, and similar institutions",8570,5,21
2023,"Arts, Entertainment, and Recreation","Other amusement, gambling, and recreation industries",8590,12,48
2023,Accommodation and Food Services,All Settings,,54,322
2023,Accommodation and Food Services,Traveler accommodation,8660,7,28
2023,Accommodation and Food Services,"Recreational vehicle parks and camps, and rooming and boarding houses",8670,6,64
2023,Accommodation and Food Services,Restaurants and other food services,8680,41,230
2023,"Other Services, Except Public Administration",All Settings,,29,163
2023,"Other Services, Except Public Administration",Automotive repair and maintenance,8770,5,25
2023,"Other Services, Except Public Administration",Car washes,8780,1,3
2023,"Other Services, Except Public Administration",Commercial and industrial machinery and equipment repair and maintenance,8870,3,13
2023,"Other Services, Except Public Administration",Nail salons and other personal care services,8990,1,2
2023,"Other Services, Except Public Administration","Funeral homes, and cemeteries and crematories",9080,5,24
2023,"Other Services, Except Public Administration",Other personal services,9090,2,6
2023,"Other Services, Except Public Administration",Religious organizations,9160,5,45
2023,"Other Services, Except Public Administration","Civic, social, advocacy organizations, and grantmaking and giving services",9170,4,20
2023,"Other Services, Except Public Administration","Business, professional, political, and similar organizations",9190,1,4
2023,"Other Services, Except Public Administration",Private households,9290,2,21
2023,Public Administration,All Settings,,331,4135
2023,Public Administration,Executive offices and legislative bodies,9370,9,35
2023,Public Administration,Public finance activities,9380,3,10
2023,Public Administration,Other general government and support,9390,41,193
2023,Public Administration,"Public safety, including police, fire, and correctional institutions",9470,187,3317
2023,Public Administration,Administration of human resource programs,9480,74,485
2023,Public Administration,Administration of environmental quality and housing programs,9490,9,63
2023,Public Administration,Administration of economic programs and space research,9570,7,27
2023,Public Administration,National security and international affairs,9590,1,5
2023,Not applicable,All Settings,,3,25
2023,Not applicable,Insufficient information,9990,3,25
2024,Utilities,All Settings,,2,9
2024,Utilities,"Electric power generation, transmission and distribution",0570,2,9
2024,Construction,All Settings,,2,15
2024,Construction,Construction,0770,2,15
2024,Manufacturing,All Settings,,17,149
2024,Manufacturing,Dairy product manufacturing,1170,1,3
2024,Manufacturing,Paperboard container manufacturing,1880,1,4
2024,Manufacturing,Petroleum refining,2070,1,4
2024,Manufacturing,"Paint, coating, and adhesive manufacturing",2270,1,7
2024,Manufacturing,Industrial and miscellaneous chemicals,2290,1,7
2024,Manufacturing,Foundries,2770,1,11
2024,Manufacturing,"Structural metals, and boiler, tank, and shipping container manufacturing",2870,1,13
2024,Manufacturing,"Coating, engraving, heat treating, and allied activities",2890,1,7
2024,Manufacturing,Miscellaneous fabricated metal products manufacturing,2980,1,7
2024,Manufacturing,Agricultural implement manufacturing,3070,1,6
2024,Manufacturing,"Navigational, measuring, electromedical, and control instruments manufacturing",3380,1,20
2024,Manufacturing,"Electronic component and product manufacturing, n.e.c.",3390,1,8
2024,Manufacturing,"Electric lighting and electrical equipment manufacturing, and other electrical component manufacturing, n.e.c.",3490,1,9
2024,Manufacturing,Motor vehicles and motor vehicle equipment manufacturing,3570,1,31
2024,Manufacturing,Aircraft and parts manufacturing,3580,2,6
2024,Manufacturing,Not specified manufacturing industries,3990,1,6
2024,Wholesale Trade,All Settings,,1,8
2024,Wholesale Trade,"Metals and minerals, except petroleum, merchant wholesalers",4180,1,8
2024,Retail Trade,All Settings,,9,114
2024,Retail Trade,Automobile dealers,4670,1,3
2024,Retail Trade,Building material and supplies dealers,4870,1,4
2024,Retail Trade,Grocery stores,4970,5,88
2024,Retail Trade,Miscellaneous retail stores,5580,2,19
2024,Transportation and Warehousing,All Settings,,3,33
2024,Transportation and Warehousing,Bus service and urban transit,6180,1,3
2024,Transportation and Warehousing,Taxi and limousine service,6190,1,3
2024,Transportation and Warehousing,Services incidental to transportation,6290,1,27
2024,Information,Software publishers,6490,1,4
2024,Information,All Settings,,17,107
2024,Information,Motion pictures and video industries,6570,12,69
2024,Information,Broadcasting (except internet),6670,1,20
2024,Information,"Telecommunications, except wired telecommunications carriers",6690,1,3
2024,Information,Libraries and archives,6770,2,11
2024,Real Estate and Rental and Leasing,All Settings,,1,11
2024,Real Estate and Rental and Leasing,Real estate,7070,1,11
2024,"Professional, Scientific, and Technical Services",All Settings,,4,32
2024,"Professional, Scientific, and Technical Services",Scientific research and development services,7460,2,13
2024,"Professional, Scientific, and Technical Services",Veterinary services,7480,2,19
2024,Management of companies and enterprises,All Settings,,1,3
2024,Management of companies and enterprises,Management of companies and enterprises,7570,1,3
2024,Administrative and support and waste management services,All Settings,,4,14
2024,Administrative and support and waste management services,Business support services,7590,1,3
2024,Administrative and support and waste management services,Travel arrangements and reservation services,7670,1,3
2024,Administrative and support and waste management services,Other administrative and other support services,7780,2,8
2024,Educational Services,All Settings,,408,2017
2024,Educational Services,Elementary and secondary schools,7860,383,1899
2024,Educational Services,"Colleges, universities, and professional schools, including junior colleges",7870,22,102
2024,Educational Services,"Other schools and instruction, and educational support services",7890,3,16
2024,Health Care and Social Assistance,All Settings,,2835,39245
2024,Health Care and Social Assistance,Offices of physicians,7970,1,3
2024,Health Care and Social Assistance,Offices of other health practitioners,8080,4,67
2024,Health Care and Social Assistance,Outpatient care centers,8090,41,210
2024,Health Care and Social Assistance,Other health care services,8180,2,13
2024,Health Care and Social Assistance,Hospitals,8190,139,1390
2024,Health Care and Social Assistance,Nursing care facilities (skilled nursing facilities),8270,1478,23790
2024,Health Care and Social Assistance,"Residential care facilities, except skilled nursing facilities",8290,953,11925
2024,Health Care and Social Assistance,Individual and family services,8370,74,647
2024,Health Care and Social Assistance,"Community services, including homeless shelters",8380,45,598
2024,Health Care and Social Assistance,Vocational rehabilitation services,8390,4,32
2024,Health Care and Social Assistance,Child day care services,8470,94,570
2024,"Arts, Entertainment, and Recreation",All Settings,,5,17
2024,"Arts, Entertainment, and Recreation","Performing arts, spectator sports, and related industries",8560,1,4
2024,"Arts, Entertainment, and Recreation","Museums, art galleries, historical sites, and similar institutions",8570,1,3
2024,"Arts, Entertainment, and Recreation","Other amusement, gambling, and recreation industries",8590,3,10
2024,Accommodation and Food Services,All Settings,,12,108
2024,Accommodation and Food Services,"Recreational vehicle parks and camps, and rooming and boarding houses",8670,7,87
2024,Accommodation and Food Services,Restaurants and other food services,8680,5,21
2024,"Other Services, Except Public Administration",All Settings,,1,6
2024,"Other Services, Except Public Administration","Funeral homes, and cemeteries and crematories",9080,1,6
2024,Public Administration,All Settings,,104,1373
2024,Public Administration,Executive offices and legislative bodies,9370,3,13
2024,Public Administration,Public finance activities,9380,1,3
2024,Public Administration,Other general government and support,9390,4,13
2024,Public Administration,"Public safety, including police, fire, and correctional institutions",9470,72,1220
2024,Public Administration,Administration of human resource programs,9480,21,115
2024,Public Administration,Administration of environmental quality and housing programs,9490,2,6
2024,Public Administration,Administration of economic programs and space research,9570,1,3
2024,Not applicable,All Settings,,3,12
2024,Not applicable,Insufficient information,9990,3,12
2025,"Professional, Scientific, and Technical Services",All Settings,,1,14
2025,"Professional, Scientific, and Technical Services",Scientific research and development services,7460,1,14
2025,Educational Services,All Settings,,5,68
2025,Educational Services,Elementary and secondary schools,7860,5,68
2025,Health Care and Social Assistance,All Settings,,221,2983
2025,Health Care and Social Assistance,Outpatient care centers,8090,1,7
2025,Health Care and Social Assistance,Hospitals,8190,17,137
2025,Health Care and Social Assistance,Nursing care facilities (skilled nursing facilities),8270,132,2065
2025,Health Care and Social Assistance,"Residential care facilities, except skilled nursing facilities",8290,62,669
2025,Health Care and Social Assistance,Individual and family services,8370,1,18
2025,Health Care and Social Assistance,"Community services, including homeless shelters",8380,2,10
2025,Health Care and Social Assistance,Child day care services,8470,6,77
2025,"Other Services, Except Public Administration",All Settings,,1,12
2025,"Other Services, Except Public Administration",Private households,9290,1,12
2025,Public Administration,All Settings,,9,80
2025,Public Administration,"Public safety, including police, fire, and correctional institutions",9470,8,73
2025,Public Administration,Administration of human resource programs,9480,1,7
2025,Not applicable,All Settings,,1,57
2025,Not applicable,Insufficient information,9990,1,57
2021,Total,Total,,17239,248697
2022,Total,Total,,26323,343303
2023,Total,Total,,8828,94148
2024,Total,Total,,3429,43273
2025,Total,Total,,238,3214
